{"q": {"[[3, 1, 2, 0, 0], \"COLLECTOR\"]": 14.955525240995238, "[[3, 1, 1, 0, 0], \"COLLECTOR\"]": 15.85821484388186, "[[3, 1, 2, 0, 0], \"SURVIVOR\"]": -0.1122, "[[3, 1, 2, 0, 0], \"LEADER\"]": -0.066, "[[3, 1, 1, 0, 0], \"SURVIVOR\"]": -0.066, "[[2, 1, 2, 0, 0], \"COLLECTOR\"]": 16.898988160190616, "[[2, 1, 1, 0, 0], \"COLLECTOR\"]": 14.47021358479777, "[[3, 1, 0, 0, 0], \"FORKER\"]": 15.52305891284044, "[[3, 1, 2, 0, 0], \"FORKER\"]": 1.9170217047516012, "[[2, 1, 2, 0, 0], \"FORKER\"]": 0.5660377963278111, "[[2, 1, 2, 0, 0], \"LEADER\"]": -0.04206000000000001, "[[2, 1, 2, 0, 1], \"COLLECTOR\"]": -0.066, "[[3, 1, 2, 1, 0], \"LEADER\"]": 21.611281523034158, "[[2, 2, 2, 0, 0], \"COLLECTOR\"]": 0.18586989874638563, "[[3, 1, 1, 1, 0], \"LEADER\"]": 21.439656960541374, "[[3, 2, 2, 0, 0], \"COLLECTOR\"]": 0.9012829504673546, "[[3, 2, 1, 0, 0], \"COLLECTOR\"]": 1.1851915222078777, "[[2, 2, 2, 0, 0], \"SURVIVOR\"]": 0.4585761772489637, "[[2, 2, 1, 0, 0], \"COLLECTOR\"]": 1.0502885925591663, "[[2, 2, 2, 0, 0], \"LEADER\"]": -0.2118616490812887, "[[2, 1, 1, 0, 0], \"FORKER\"]": 15.678351888223396, "[[2, 2, 2, 0, 1], \"COLLECTOR\"]": 0.21242138310544334, "[[2, 2, 2, 0, 1], \"SURVIVOR\"]": 1.5562686480196164, "[[2, 2, 1, 0, 0], \"FORKER\"]": 1.3900855744329697, "[[2, 1, 2, 1, 1], \"LEADER\"]": 5.955226899672326, "[[2, 2, 2, 1, 0], \"LEADER\"]": 1.4706464749802102, "[[2, 1, 2, 1, 0], \"LEADER\"]": 20.976932016693365, "[[2, 2, 2, 1, 0], \"FORKER\"]": 1.4625146175302148, "[[1, 2, 2, 0, 1], \"SURVIVOR\"]": -5.213665202542444, "[[2, 2, 2, 0, 1], \"LEADER\"]": -1.8879005779502074, "[[1, 2, 2, 0, 0], \"SURVIVOR\"]": -0.006249522370609045, "[[2, 2, 2, 0, 1], \"FORKER\"]": 2.2502748814642883, "[[2, 2, 2, 0, 0], \"FORKER\"]": -1.7788912295794503, "[[2, 3, 2, 0, 0], \"COLLECTOR\"]": -1.921751732824716, "[[1, 3, 2, 0, 0], \"SURVIVOR\"]": -11.935286186887277, "[[1, 3, 2, 0, 0], \"LEADER\"]": -12.086066690128483, "[[2, 3, 2, 0, 0], \"LEADER\"]": -1.2872485135043366, "[[2, 3, 2, 0, 0], \"SURVIVOR\"]": 0.0634388300332826, "[[2, 3, 2, 0, 0], \"FORKER\"]": -1.9210725066108116, "[[0, 2, 2, 0, 0], \"SURVIVOR\"]": -20.448785993578362, "[[1, 2, 2, 1, 0], \"SURVIVOR\"]": 0.3400028201481312, "[[2, 2, 2, 1, 0], \"SURVIVOR\"]": 0.582987531552672, "[[2, 2, 2, 1, 1], \"SURVIVOR\"]": 3.864132508200114, "[[0, 2, 2, 0, 0], \"FORKER\"]": -36.59047745388546, "[[2, 2, 2, 1, 0], \"COLLECTOR\"]": 1.0270059027284846, "[[3, 2, 1, 0, 0], \"LEADER\"]": -0.066, "[[3, 2, 2, 0, 0], \"FORKER\"]": 1.4845346527100969, "[[0, 2, 2, 0, 0], \"LEADER\"]": -34.85078367446966, "[[0, 2, 2, 0, 0], \"COLLECTOR\"]": -30.579151068798264, "[[1, 2, 2, 1, 1], \"SURVIVOR\"]": 2.0643595511037813, "[[0, 2, 2, 0, 1], \"SURVIVOR\"]": -34.71744810786627, "[[3, 2, 1, 0, 0], \"FORKER\"]": 1.361815331313707, "[[2, 1, 1, 1, 0], \"LEADER\"]": 21.02342755408125, "[[1, 2, 2, 0, 0], \"LEADER\"]": -3.827111257190381, "[[1, 2, 2, 0, 0], \"FORKER\"]": -13.35214009140034, "[[1, 2, 2, 0, 0], \"COLLECTOR\"]": -9.14262576396874, "[[0, 2, 2, 0, 1], \"COLLECTOR\"]": -40.56368281563969, "[[0, 2, 2, 0, 1], \"FORKER\"]": -40.11899744674733, "[[0, 2, 2, 0, 1], \"LEADER\"]": -42.4349681365039, "[[2, 2, 2, 1, 1], \"LEADER\"]": 6.117306962234281, "[[2, 1, 2, 0, 0], \"SURVIVOR\"]": 13.138997498801213, "[[2, 1, 2, 1, 0], \"SURVIVOR\"]": 16.05261778487958, "[[1, 1, 2, 0, 0], \"SURVIVOR\"]": 3.7182350640376685, "[[1, 2, 2, 0, 1], \"COLLECTOR\"]": -12.214091285753064, "[[1, 2, 2, 0, 1], \"FORKER\"]": -15.630367453221357, "[[1, 2, 2, 0, 1], \"LEADER\"]": -15.097707, "[[2, 1, 1, 0, 0], \"SURVIVOR\"]": 13.847449779437083, "[[2, 1, 1, 1, 0], \"SURVIVOR\"]": 5.3643878375099225, "[[2, 2, 1, 1, 0], \"SURVIVOR\"]": -0.066, "[[2, 2, 1, 1, 0], \"LEADER\"]": -0.066, "[[2, 2, 1, 1, 0], \"FORKER\"]": 0.7553933609218103, "[[1, 1, 2, 1, 0], \"SURVIVOR\"]": 9.276342480404114, "[[1, 1, 2, 1, 0], \"COLLECTOR\"]": -0.066, "[[1, 1, 2, 1, 0], \"FORKER\"]": 0.08399999999999999, "[[1, 1, 2, 1, 0], \"LEADER\"]": 1.7342049836954292, "[[1, 2, 1, 0, 0], \"SURVIVOR\"]": 1.4971751770897281, "[[0, 2, 2, 1, 0], \"SURVIVOR\"]": -16.144762781615803, "[[0, 3, 2, 0, 0], \"SURVIVOR\"]": -10.88989171281023, "[[0, 3, 2, 0, 0], \"LEADER\"]": -34.74386685797918, "[[0, 3, 2, 0, 0], \"COLLECTOR\"]": -35.671312341834884, "[[0, 3, 2, 0, 0], \"FORKER\"]": -36.37318837658207, "[[1, 2, 2, 1, 0], \"LEADER\"]": -8.03645178559775, "[[0, 2, 2, 1, 0], \"FORKER\"]": -24.957414984000003, "[[0, 2, 2, 1, 0], \"LEADER\"]": -25.62140464710283, "[[1, 2, 2, 1, 0], \"COLLECTOR\"]": -17.541652440611678, "[[1, 2, 2, 1, 0], \"FORKER\"]": -11.471829432134108, "[[0, 2, 2, 1, 0], \"COLLECTOR\"]": -22.567405305860635, "[[2, 2, 1, 0, 0], \"SURVIVOR\"]": 1.1371771078095383, "[[1, 2, 2, 1, 1], \"FORKER\"]": -12.379947712965782, "[[1, 2, 2, 1, 1], \"COLLECTOR\"]": -1.5840904870487063, "[[3, 2, 2, 1, 0], \"LEADER\"]": -0.11513999999999999, "[[3, 2, 2, 1, 0], \"SURVIVOR\"]": -0.066, "[[3, 2, 2, 1, 0], \"COLLECTOR\"]": -0.066, "[[3, 2, 2, 1, 0], \"FORKER\"]": 1.4360640705387284, "[[3, 2, 2, 1, 1], \"LEADER\"]": 0.4347011820989019, "[[0, 2, 2, 1, 1], \"SURVIVOR\"]": -8.172906262714744, "[[0, 2, 2, 1, 1], \"LEADER\"]": -15.065915514463875, "[[0, 2, 2, 1, 1], \"FORKER\"]": -14.947200000000002, "[[3, 2, 2, 0, 1], \"COLLECTOR\"]": 1.4923756151220569, "[[3, 2, 2, 0, 1], \"LEADER\"]": -0.0702, "[[3, 2, 2, 0, 1], \"FORKER\"]": 2.5298407757939954, "[[1, 3, 2, 0, 1], \"SURVIVOR\"]": -0.2502732850448043, "[[0, 2, 2, 1, 1], \"COLLECTOR\"]": -15.516440463851456, "[[1, 3, 2, 0, 0], \"COLLECTOR\"]": -12.254748458710283, "[[1, 3, 2, 0, 0], \"FORKER\"]": -21.88752541993154, "[[0, 3, 2, 0, 1], \"SURVIVOR\"]": -19.921444453527265, "[[1, 1, 1, 0, 0], \"SURVIVOR\"]": 1.4466518461265079, "[[0, 1, 2, 0, 0], \"SURVIVOR\"]": -14.588245765807473, "[[0, 1, 2, 0, 0], \"LEADER\"]": -0.066, "[[0, 1, 2, 0, 0], \"FORKER\"]": 0.08399999999999999, "[[2, 1, 0, 0, 0], \"FORKER\"]": 4.9556557348735994, "[[1, 3, 2, 0, 1], \"COLLECTOR\"]": -1.0757385475880261, "[[1, 3, 2, 0, 1], \"FORKER\"]": -0.7100267346682387, "[[1, 3, 2, 0, 1], \"LEADER\"]": -3.059068070403047, "[[1, 2, 2, 1, 1], \"LEADER\"]": -3.787020082558082, "[[0, 3, 2, 0, 1], \"FORKER\"]": -14.805912, "[[1, 3, 2, 1, 0], \"SURVIVOR\"]": -0.12584027694182767, "[[0, 3, 2, 1, 0], \"SURVIVOR\"]": -12.899572026473919, "[[2, 3, 2, 0, 1], \"COLLECTOR\"]": -0.09421701503207411, "[[2, 3, 2, 0, 1], \"SURVIVOR\"]": 0.09683117179342068, "[[2, 3, 2, 1, 0], \"SURVIVOR\"]": 0.7007013671829367, "[[2, 3, 2, 1, 0], \"LEADER\"]": 13.13339215112983, "[[2, 3, 2, 1, 0], \"COLLECTOR\"]": -0.066, "[[2, 3, 2, 1, 0], \"FORKER\"]": 14.176895921266503, "[[0, 3, 2, 0, 1], \"LEADER\"]": -15.112606738270712, "[[0, 3, 2, 0, 1], \"COLLECTOR\"]": -15.097707, "[[1, 3, 2, 1, 1], \"SURVIVOR\"]": 0.3312396263234015, "[[3, 3, 2, 0, 0], \"COLLECTOR\"]": 1.0700855108444918, "[[3, 3, 2, 0, 0], \"LEADER\"]": -0.0894952119095952, "[[3, 3, 2, 0, 0], \"FORKER\"]": 1.402496937362204, "[[2, 2, 2, 1, 1], \"COLLECTOR\"]": 1.103647397442646, "[[3, 3, 2, 0, 1], \"COLLECTOR\"]": 0.16581932477988154, "[[1, 3, 2, 1, 0], \"COLLECTOR\"]": -0.49813440209787474, "[[1, 3, 2, 1, 0], \"FORKER\"]": -8.273385979321509, "[[1, 3, 2, 1, 0], \"LEADER\"]": -0.44041890615682955, "[[0, 3, 2, 1, 0], \"FORKER\"]": -14.947200000000002, "[[0, 3, 2, 1, 0], \"LEADER\"]": -0.04206000000000001, "[[0, 3, 2, 1, 0], \"COLLECTOR\"]": -0.07191, "[[1, 4, 2, 0, 0], \"SURVIVOR\"]": 0.36027549672883996, "[[2, 4, 2, 0, 0], \"COLLECTOR\"]": 0.08399999999999999, "[[1, 4, 2, 0, 0], \"LEADER\"]": -0.066, "[[1, 4, 2, 0, 0], \"COLLECTOR\"]": 0.020281754999999985, "[[1, 4, 2, 0, 0], \"FORKER\"]": 0.9727641584172677, "[[0, 4, 2, 0, 0], \"SURVIVOR\"]": -0.0819771, "[[0, 4, 2, 0, 0], \"FORKER\"]": -25.399097400000002}, "epsilon": 0.1283012090915879, "states": 51}